,x,y,u,v,ax,ay,X,U,Axy
True_1min,217790.907456855,212883.8121529174,0.3316315118357466,0.3317926203951613,3.1492481735357364e-05,3.149725848324368e-05,269244.82723080704,0.23182942878905297,2.0571910826393027e-05
Observed,217998.5944301962,213145.7596148852,0.3325122570318858,0.33256467230083153,0.00013607742192564364,0.00013602985804442888,269618.16186045,0.23247406901640744,9.126527015095197e-05
True_30min,217770.91440821174,212852.1599493999,0.3312570136963036,0.33142195818666936,1.6134756352509396e-05,1.613025298523452e-05,269171.07449276367,0.23157898939451407,1.0128226573432222e-05
LOWESS,217758.9454769611,212839.93419465318,0.33060991733769685,0.3307777926691754,1.5067037775549287e-05,1.5064207258112923e-05,269207.71375386737,0.2311381268669941,9.395607208582383e-06
Variational,217769.2534913662,212850.3546087405,0.3308925966880358,0.3310734703642735,1.5188441603737582e-05,1.5192760389549987e-05,269182.9318653957,0.23141020587126357,9.430173911127235e-06
Empirical,217721.25168032595,212865.45121116485,0.32938811758384573,0.3295382034699746,1.5911901764231643e-05,1.583018743322644e-05,269108.5065696472,0.2302831337489974,1.1575207984244288e-05
